graph_name,exit_status,cpu_time,wallclock_time,maximum_resident_set_size
1-FullIns_3,0,1.94,1.83,4799224
1-FullIns_4,0,2.01,1.82,4799792
1-FullIns_5,0,2.36,1.92,4824736
1-Insertions_4,0,1.96,1.84,4797144
1-Insertions_5,0,2.2,1.86,4810592
1-Insertions_6,0,2.6799999999999997,2.01,4910160
2-FullIns_3,0,1.95,1.83,4796192
2-FullIns_4,0,2.21,1.86,4813756
2-FullIns_5,0,3.2,2.15,5030000
2-Insertions_3,0,1.94,1.83,4794088
2-Insertions_4,0,2.1,1.88,4804904
2-Insertions_5,0,2.46,2.0,4884352
3-FullIns_3,0,1.99,1.84,4795152
3-FullIns_4,0,2.37,1.92,4838644
3-FullIns_5,0,4.35,3.23,6654792
3-Insertions_3,0,1.96,1.84,4797096
3-Insertions_4,0,2.23,1.88,4820504
3-Insertions_5,0,3.44,2.39,5446724
4-FullIns_3,0,2.07,1.86,4803572
4-FullIns_4,0,2.65,2.04,4917388
4-FullIns_5,0,10.739999999999998,9.51,18329352
4-Insertions_3,0,1.95,1.83,4796232
4-Insertions_4,0,2.32,1.93,4848660
5-FullIns_3,0,2.08,1.85,4803792
5-FullIns_4,0,3.3600000000000003,2.25,5171812
DSJC1000.1,0,3.58,2.52,5120440
DSJC1000.5,0,7.6899999999999995,6.48,5504608
DSJC1000.9,0,13.74,12.67,5891132
DSJC125.1,0,2.08,1.85,4803608
DSJC125.5,0,2.1799999999999997,1.87,4825124
DSJC125.9,0,2.41,1.9,4832592
DSJC250.1,0,2.27,1.91,4815988
DSJC250.5,0,2.77,1.96,4864228
DSJC250.9,0,2.85,2.0,4891920
DSJC500.1,0,2.95,2.03,4894524
DSJC500.5,0,3.4000000000000004,2.44,4982656
DSJC500.9,0,3.68,2.56,5093892
DSJR500.1,0,2.37,1.95,4849796
DSJR500.1c,0,3.8100000000000005,2.68,5115668
DSJR500.5,0,3.38,2.28,4993328
LGC_exp_instance001,0,1.95,1.84,4795152
LGC_exp_instance002,0,1.96,1.84,4794156
LGC_exp_instance003,0,1.9499999999999997,1.82,4796212
LGC_exp_instance004,0,2.01,1.85,4799156
LGC_exp_instance005,0,2.04,1.86,4812980
LGC_exp_instance006,0,2.13,1.88,4812700
LGC_exp_instance007,0,2.19,1.9,4818964
LGC_exp_instance008,0,2.2399999999999998,1.91,4839408
LGC_exp_instance009,0,2.28,1.95,4854764
LGC_exp_instance010,0,2.33,1.97,4885660
SAT_exp_instance002,0,1.93,1.82,4794172
SAT_exp_instance004,0,1.93,1.82,4795212
SAT_exp_instance006,0,1.94,1.82,4794172
SAT_exp_instance008,0,1.94,1.83,4795196
SAT_exp_instance010,0,1.97,1.83,4796184
SAT_exp_instance012,0,2.04,1.86,4811748
SAT_exp_instance014,0,2.05,1.86,4798304
SAT_exp_instance016,0,2.11,1.87,4807520
SAT_exp_instance018,0,2.1799999999999997,1.88,4818044
SAT_exp_instance020,0,2.25,1.91,4824064
anna,0,2.07,1.86,4803508
ash331GPIA,0,2.45,2.0,4907084
ash608GPIA,0,3.35,2.32,5361052
ash958GPIA,0,4.0,2.91,6482308
david,0,2.0,1.82,4800632
games120,0,2.08,1.86,4803568
grid004x004,0,1.92,1.81,4794068
grid010x010,0,1.98,1.86,4797280
grid020x020,0,2.23,1.9,4830176
grid030x030,0,2.46,2.02,4966052
grid040x040,0,2.8099999999999996,2.32,5581924
grid050x050,0,3.8099999999999996,3.22,7346244
grid060x060,0,6.16,5.21,11954128
grid070x070,0,10.55,9.64,22491520
grid080x080,0,18.66,17.63,43035388
grid090x090,0,33.47,30.55,58496460
grid100x100,0,53.300000000000004,48.39,58499924
grid200x200,124,1247.56,1208.08,649248628
grid200x200,124,2465.08,2411.12,646386588
grid200x200,0,3612.9100000000003,3506.21,649248052
hc-power-004-002,0,1.95,1.83,4796188
hc-power-005-002,0,1.96,1.83,4795156
hc-power-006-002,0,1.95,1.83,4796364
hc-power-007-002,0,2.02,1.85,4798272
hc-power-008-002,0,2.01,1.83,4797172
hc-power-009-002,0,2.01,1.84,4799300
hc-power-010-002,0,2.02,1.85,4798532
hc-power-011-002,0,2.05,1.86,4798288
hc-power-012-002,0,2.03,1.85,4800448
hc-power-013-002,0,2.05,1.85,4815332
hc-power-014-002,0,2.09,1.85,4805476
hc-power-015-002,0,2.09,1.87,4807548
hc-power-016-002,0,2.11,1.86,4809660
hc-power-017-002,0,2.13,1.86,4810624
hc-power-018-002,0,2.1799999999999997,1.89,4819180
hc-power-019-002,0,2.17,1.9,4818740
hc-power-020-002,0,2.17,1.87,4819684
hc-power-11,0,1.92,1.82,4793092
hc-power-12,0,1.95,1.84,4794184
hc-square-004-002,0,1.93,1.82,4794264
hc-square-005-002,0,1.94,1.82,4794084
hc-square-006-002,0,1.94,1.83,4796192
hc-square-007-002,0,1.96,1.84,4795204
hc-square-008-002,0,1.96,1.84,4796256
hc-square-009-002,0,1.97,1.84,4796244
hc-square-01,0,1.94,1.84,4794176
hc-square-010-002,0,2.03,1.86,4799212
hc-square-011-002,0,2.02,1.84,4798272
hc-square-012-002,0,2.01,1.83,4796952
hc-square-013-002,0,2.04,1.86,4798220
hc-square-014-002,0,2.02,1.84,4814744
hc-square-015-002,0,2.02,1.84,4798156
hc-square-016-002,0,2.03,1.84,4797968
hc-square-017-002,0,2.03,1.85,4799220
hc-square-018-002,0,2.05,1.85,4797228
hc-square-019-002,0,2.05,1.86,4800236
hc-square-02,0,1.93,1.82,4794240
hc-square-020-002,0,2.06,1.85,4800464
hc-toyno-01,0,1.95,1.85,4798092
hc-toyyes-01,0,1.9,1.81,4791956
huck,0,1.98,1.83,4797160
latin_square_10,0,9.0,7.97,5586976
le450_15a,0,2.87,1.96,4881848
le450_15b,0,2.84,1.96,4876928
le450_15c,0,2.94,2.0,4893128
le450_15d,0,2.94,2.03,4896700
le450_25a,0,2.85,1.98,4881824
le450_25b,0,2.9,2.0,4882628
le450_25c,0,2.99,2.03,4899144
le450_25d,0,2.98,2.04,4893856
le450_5a,0,2.5300000000000002,1.97,4877832
le450_5b,0,2.39,1.95,4851716
le450_5c,0,2.88,2.0,4880212
le450_5d,0,2.87,1.98,4881964
miles1000,0,2.1799999999999997,1.89,4807348
miles1500,0,2.2,1.9,4825480
miles500,0,2.11,1.88,4802516
miles750,0,2.12,1.86,4804480
mug100_1,0,2.0,1.83,4796104
mug100_25,0,2.01,1.84,4797672
mug88_1,0,1.97,1.85,4796168
mug88_25,0,1.95,1.83,4797364
myciel3,0,1.92,1.81,4794172
myciel4,0,1.95,1.85,4794156
myciel5,0,1.95,1.82,4794124
myciel6,0,2.07,1.86,4802388
myciel7,0,2.17,1.87,4824980
ph-03-02,0,1.94,1.82,4794240
ph-03-03,0,1.96,1.84,4796176
ph-04-03,0,1.97,1.83,4795244
ph-04-04,0,2.03,1.86,4798180
ph-05-04,0,2.02,1.84,4797948
ph-05-05,0,2.08,1.85,4803364
ph-06-05,0,2.19,1.87,4816040
ph-06-06,0,2.19,1.89,4841280
ph-07-06,0,2.25,1.91,4839536
ph-07-07,0,2.29,1.94,4856636
ph-08-07,0,2.38,1.97,4886488
ph-08-08,0,2.4,1.99,4917808
ph-09-08,0,2.4699999999999998,2.06,5013472
ph-09-09,0,2.54,2.1,5069680
ph-10-09,0,2.66,2.17,5208956
ph-10-10,0,2.79,2.26,5346700
ph-11-10,0,2.8899999999999997,2.38,5628180
ph-11-11,0,2.94,2.47,5868232
ph-12-11,0,3.23,2.74,6430736
ph-12-12,0,3.4,2.94,6856276
ph-13-12,0,3.82,3.38,7869096
ph-13-13,0,4.22,3.74,8647628
ph-14-13,0,5.050000000000001,4.48,10425152
ph-14-14,0,5.53,5.06,11760128
ph-15-14,0,7.0600000000000005,6.25,14717812
ph-15-15,0,7.99,7.15,16833272
ph-16-15,0,10.05,9.09,21669340
ph-16-16,0,11.49,10.52,25095632
ph-17-16,0,14.84,13.83,32781340
ph-17-17,0,16.93,15.94,38156600
ph-18-17,0,21.14,20.08,50087548
ph-18-18,0,24.48,23.43,58360620
ph-19-18,0,29.39,26.98,58496472
ph-19-19,0,32.01,29.94,58489140
ph-20-19,0,40.01,36.77,58498404
ph-20-20,0,44.33,41.09,58509752
qg.order100,0,321.03000000000003,301.78,58554960
qg.order30,0,3.23,2.24,5072916
qg.order40,0,4.62,3.61,5649604
qg.order60,0,17.66,16.5,14794088
queen008x008,0,2.02,1.85,4800356
queen010x010,0,2.09,1.86,4802652
queen020x020,0,2.91,2.0,4876344
queen030x030,0,3.4000000000000004,2.4,5105796
queen040x040,0,5.0,3.72,5798188
queen050x050,0,11.440000000000001,10.26,7883228
queen060x060,0,33.12,31.99,12828596
queen070x070,0,74.89999999999999,73.78,23390396
queen080x080,0,152.9,151.76,44036732
queen090x090,0,287.8,280.13,58549788
queen100x100,0,495.61,476.4,58571972
queen10_10,0,2.1,1.86,4802260
queen11_11,0,2.12,1.86,4820744
queen12_12,0,2.17,1.9,4809428
queen13_13,0,2.2,1.9,4809660
queen14_14,0,2.21,1.89,4814160
queen15_15,0,2.28,1.9,4819044
queen16_16,0,2.32,1.92,4822664
queen200x200,124,3600.5899999999997,3600,30860396
queen5_5,0,1.93,1.82,4795256
queen6_6,0,1.96,1.82,4796364
queen7_7,0,2.0,1.83,4800388
queen8_12,0,2.1,1.87,4802592
queen8_8,0,2.02,1.85,4800332
queen9_9,0,2.05,1.85,4805572
random_instance001_graph001,0,1.95,1.84,4794160
random_instance001_graph002,0,1.95,1.84,4794184
random_instance001_graph003,0,1.93,1.81,4795156
random_instance001_graph004,0,1.96,1.84,4794120
random_instance001_graph005,0,1.93,1.82,4793120
random_instance002_graph001,0,1.94,1.82,4794148
random_instance002_graph002,0,1.95,1.84,4794164
random_instance002_graph003,0,1.95,1.83,4794204
random_instance002_graph004,0,1.94,1.83,4794940
random_instance002_graph005,0,1.94,1.82,4794212
random_instance003_graph001,0,1.96,1.84,4795212
random_instance003_graph002,0,1.94,1.84,4810432
random_instance003_graph003,0,1.96,1.84,4794244
random_instance003_graph004,0,1.94,1.83,4791112
random_instance003_graph005,0,1.95,1.83,4795156
random_instance004_graph001,0,1.97,1.85,4795936
random_instance004_graph002,0,1.98,1.85,4796280
random_instance004_graph003,0,1.97,1.85,4796216
random_instance004_graph004,0,1.97,1.85,4796120
random_instance004_graph005,0,1.99,1.86,4796272
random_instance005_graph001,0,1.97,1.84,4796168
random_instance005_graph002,0,1.9699999999999998,1.84,4796012
random_instance005_graph003,0,1.98,1.84,4811520
random_instance005_graph004,0,1.96,1.83,4796420
random_instance005_graph005,0,2.0,1.86,4796888
random_instance006_graph001,0,1.98,1.85,4796072
random_instance006_graph002,0,1.98,1.85,4797112
random_instance006_graph003,0,1.97,1.84,4796132
random_instance006_graph004,0,1.97,1.85,4797200
random_instance006_graph005,0,1.98,1.86,4797220
random_instance007_graph001,0,1.9899999999999998,1.85,4795812
random_instance007_graph002,0,1.9899999999999998,1.85,4795944
random_instance007_graph003,0,1.9899999999999998,1.86,4797192
random_instance007_graph004,0,1.9899999999999998,1.84,4812288
random_instance007_graph005,0,1.98,1.84,4795132
random_instance008_graph001,0,2.04,1.86,4798896
random_instance008_graph002,0,2.02,1.84,4798248
random_instance008_graph003,0,2.02,1.84,4798184
random_instance008_graph004,0,2.05,1.86,4798428
random_instance008_graph005,0,2.01,1.83,4798524
random_instance009_graph001,0,2.02,1.84,4798212
random_instance009_graph002,0,2.04,1.85,4799540
random_instance009_graph003,0,2.05,1.86,4800172
random_instance009_graph004,0,2.03,1.84,4798680
random_instance009_graph005,0,2.02,1.83,4813452
random_instance010_graph001,0,2.05,1.86,4798264
random_instance010_graph002,0,2.06,1.86,4802468
random_instance010_graph003,0,2.06,1.86,4803696
random_instance010_graph004,0,2.07,1.85,4804644
random_instance010_graph005,0,2.09,1.88,4802884
random_instance011_graph001,0,2.07,1.86,4803660
random_instance011_graph002,0,2.09,1.88,4800196
random_instance011_graph003,0,2.09,1.88,4799276
random_instance011_graph004,0,2.08,1.88,4798084
random_instance011_graph005,0,2.07,1.85,4801692
random_instance012_graph001,0,2.08,1.86,4818136
random_instance012_graph002,0,2.08,1.86,4804028
random_instance012_graph003,0,2.08,1.87,4800512
random_instance012_graph004,0,2.1,1.88,4801552
random_instance012_graph005,0,2.05,1.84,4799304
random_instance013_graph001,0,2.07,1.85,4802376
random_instance013_graph002,0,2.09,1.87,4802768
random_instance013_graph003,0,2.11,1.89,4804736
random_instance013_graph004,0,2.08,1.85,4805036
random_instance013_graph005,0,2.06,1.84,4797880
random_instance014_graph001,0,2.09,1.87,4804720
random_instance014_graph002,0,2.09,1.86,4819928
random_instance014_graph003,0,2.09,1.88,4805112
random_instance014_graph004,0,2.07,1.86,4802416
random_instance014_graph005,0,2.07,1.85,4805052
random_instance015_graph001,0,2.09,1.87,4804640
random_instance015_graph002,0,2.09,1.86,4804424
random_instance015_graph003,0,2.09,1.87,4803508
random_instance015_graph004,0,2.09,1.87,4800056
random_instance015_graph005,0,2.09,1.87,4799828
random_instance016_graph001,0,2.11,1.87,4803000
random_instance016_graph002,0,2.13,1.89,4804496
random_instance016_graph003,0,2.09,1.85,4803452
random_instance016_graph004,0,2.13,1.86,4806540
random_instance016_graph005,0,2.11,1.87,4807512
random_instance017_graph001,0,2.1399999999999997,1.88,4808796
random_instance017_graph002,0,2.13,1.87,4809592
random_instance017_graph003,0,2.15,1.89,4809308
random_instance017_graph004,0,2.1399999999999997,1.89,4808512
random_instance017_graph005,0,2.11,1.86,4807784
random_instance018_graph001,0,2.12,1.87,4810680
random_instance018_graph002,0,2.11,1.87,4808408
random_instance018_graph003,0,2.13,1.88,4811328
random_instance018_graph004,0,2.15,1.89,4811708
random_instance018_graph005,0,2.1399999999999997,1.87,4811784
random_instance019_graph001,0,2.13,1.87,4809560
random_instance019_graph002,0,2.1399999999999997,1.88,4811284
random_instance019_graph003,0,2.15,1.87,4810980
random_instance019_graph004,0,2.13,1.88,4824860
random_instance019_graph005,0,2.13,1.87,4812224
random_instance020_graph001,0,2.16,1.87,4812804
random_instance020_graph002,0,2.15,1.87,4812576
random_instance020_graph003,0,2.1799999999999997,1.88,4815348
random_instance020_graph004,0,2.15,1.87,4814904
random_instance020_graph005,0,2.16,1.88,4814024
random_instance021_graph001,0,2.17,1.88,4814368
random_instance021_graph002,0,2.17,1.88,4815296
random_instance021_graph003,0,2.17,1.88,4815060
random_instance021_graph004,0,2.1799999999999997,1.89,4812808
random_instance021_graph005,0,2.15,1.87,4830472
random_instance022_graph001,0,2.19,1.9,4814468
random_instance022_graph002,0,2.2199999999999998,1.9,4819632
random_instance022_graph003,0,2.2,1.88,4820212
random_instance022_graph004,0,2.16,1.87,4813716
random_instance022_graph005,0,2.21,1.88,4820452
random_instance023_graph001,0,2.2199999999999998,1.89,4825660
random_instance023_graph002,0,2.19,1.87,4819076
random_instance023_graph003,0,2.1799999999999997,1.88,4814604
random_instance023_graph004,0,2.21,1.88,4824816
random_instance023_graph005,0,2.21,1.88,4819980
random_instance024_graph001,0,2.23,1.88,4820908
random_instance024_graph002,0,2.24,1.88,4822312
random_instance024_graph003,0,2.23,1.89,4823268
random_instance024_graph004,0,2.2199999999999998,1.88,4823016
random_instance024_graph005,0,2.24,1.9,4822932
random_instance025_graph001,0,2.23,1.9,4824172
random_instance025_graph002,0,2.24,1.9,4823068
random_instance025_graph003,0,2.28,1.9,4826120
random_instance025_graph004,0,2.24,1.88,4826740
random_instance025_graph005,0,2.25,1.91,4825000
random_instance026_graph001,0,2.24,1.89,4826984
random_instance026_graph002,0,2.24,1.9,4828844
random_instance026_graph003,0,2.2399999999999998,1.89,4825256
random_instance026_graph004,0,2.2399999999999998,1.89,4824920
random_instance026_graph005,0,2.24,1.89,4823064
random_instance027_graph001,0,2.23,1.88,4827084
random_instance027_graph002,0,2.28,1.91,4832680
random_instance027_graph003,0,2.25,1.89,4828844
random_instance027_graph004,0,2.23,1.89,4824256
random_instance027_graph005,0,2.24,1.89,4827772
random_instance028_graph001,0,2.25,1.9,4827380
random_instance028_graph002,0,2.28,1.9,4828588
random_instance028_graph003,0,2.26,1.9,4828048
random_instance028_graph004,0,2.24,1.89,4829076
random_instance028_graph005,0,2.26,1.9,4827556
random_instance029_graph001,0,2.26,1.9,4827756
random_instance029_graph002,0,2.25,1.89,4829608
random_instance029_graph003,0,2.25,1.89,4830260
random_instance029_graph004,0,2.27,1.91,4826196
random_instance029_graph005,0,2.24,1.88,4830004
random_instance030_graph001,0,2.27,1.9,4830272
random_instance030_graph002,0,2.25,1.9,4838368
random_instance030_graph003,0,2.25,1.89,4854764
random_instance030_graph004,0,2.26,1.9,4835516
random_instance030_graph005,0,2.2800000000000002,1.92,4835756
random_instance031_graph001,0,2.28,1.9,4835232
random_instance031_graph002,0,2.29,1.92,4839400
random_instance031_graph003,0,2.25,1.91,4832388
random_instance031_graph004,0,2.29,1.92,4835100
random_instance031_graph005,0,2.25,1.9,4837816
random_instance032_graph001,0,2.29,1.92,4835460
random_instance032_graph002,0,2.25,1.9,4834344
random_instance032_graph003,0,2.27,1.91,4836396
random_instance032_graph004,0,2.28,1.91,4837280
random_instance032_graph005,0,2.2800000000000002,1.93,4835168
random_instance033_graph001,0,2.27,1.91,4840508
random_instance033_graph002,0,2.27,1.9,4840664
random_instance033_graph003,0,2.29,1.92,4843672
random_instance033_graph004,0,2.27,1.91,4853492
random_instance033_graph005,0,2.29,1.94,4836208
random_instance034_graph001,0,2.29,1.92,4838388
random_instance034_graph002,0,2.29,1.93,4836936
random_instance034_graph003,0,2.3,1.92,4837276
random_instance034_graph004,0,2.29,1.92,4842372
random_instance034_graph005,0,2.29,1.93,4837144
random_instance035_graph001,0,2.27,1.91,4842016
random_instance035_graph002,0,2.28,1.92,4839368
random_instance035_graph003,0,2.32,1.94,4844284
random_instance035_graph004,0,2.31,1.95,4841000
random_instance035_graph005,0,2.31,1.94,4843700
random_instance036_graph001,0,2.29,1.94,4847416
random_instance036_graph002,0,2.28,1.93,4841524
random_instance036_graph003,0,2.28,1.93,4844140
random_instance036_graph004,0,2.31,1.95,4846840
random_instance036_graph005,0,2.29,1.93,4858716
random_instance037_graph001,0,2.32,1.96,4849828
random_instance037_graph002,0,2.29,1.93,4847788
random_instance037_graph003,0,2.3,1.94,4849656
random_instance037_graph004,0,2.29,1.93,4844764
random_instance037_graph005,0,2.31,1.94,4860912
random_instance038_graph001,0,2.29,1.93,4852708
random_instance038_graph002,0,2.29,1.93,4849776
random_instance038_graph003,0,2.31,1.95,4851924
random_instance038_graph004,0,2.29,1.93,4851596
random_instance038_graph005,0,2.32,1.95,4850908
random_instance039_graph001,0,2.29,1.93,4854048
random_instance039_graph002,0,2.31,1.95,4856796
random_instance039_graph003,0,2.3,1.93,4857148
random_instance039_graph004,0,2.29,1.93,4851548
random_instance039_graph005,0,2.3,1.94,4851764
random_instance040_graph001,0,2.29,1.93,4855936
random_instance040_graph002,0,2.29,1.94,4853756
random_instance040_graph003,0,2.31,1.95,4856816
random_instance040_graph004,0,2.32,1.96,4855584
random_instance040_graph005,0,2.3,1.95,4856216
school1,0,2.95,2.02,4894860
school1_nsh,0,2.8899999999999997,1.98,4878728
sp001,0,1.93,1.83,4794252
sp002,0,1.94,1.83,4794320
sp003,0,1.97,1.84,4811268
sp004,0,1.97,1.84,4796376
sp005,0,2.01,1.84,4798948
sp006,0,2.04,1.86,4800780
sp007,0,2.02,1.85,4800484
sp008,0,2.03,1.85,4800696
sp009,0,2.06,1.86,4802852
sp010,0,2.09,1.86,4804000
sp011,0,2.12,1.88,4802616
sp012,0,2.12,1.87,4804568
sp013,0,2.13,1.89,4804240
sp014,0,2.1399999999999997,1.89,4820396
sp015,0,2.15,1.89,4806932
sp016,0,2.19,1.88,4807712
sp017,0,2.1799999999999997,1.88,4810244
sp018,0,2.1799999999999997,1.87,4809824
sp019,0,2.2,1.87,4820184
sp020,0,2.21,1.87,4815440
sp021,0,2.23,1.88,4816796
sp022,0,2.26,1.91,4822588
sp023,0,2.27,1.92,4820236
sp024,0,2.27,1.93,4820916
sp025,0,2.27,1.9,4825204
sp026,0,2.28,1.89,4821888
sp027,0,2.32,1.91,4829784
sp028,0,2.28,1.9,4828516
sp029,0,2.32,1.92,4838340
sp030,0,2.33,1.93,4843952
suzuki_instance_2_10_2_2,0,2.13,1.88,4807672
suzuki_instance_2_10_2_3,0,2.27,1.91,4822036
suzuki_instance_2_11_2_2,0,2.12,1.86,4809816
suzuki_instance_2_11_2_3,0,2.28,1.91,4829824
suzuki_instance_2_12_2_2,0,2.16,1.88,4813160
suzuki_instance_2_12_2_3,0,2.27,1.9,4827660
suzuki_instance_2_13_2_2,0,2.1799999999999997,1.88,4827540
suzuki_instance_2_13_2_3,0,2.33,1.92,4836544
suzuki_instance_2_14_2_2,0,2.25,1.91,4824080
suzuki_instance_2_14_2_3,0,2.35,1.95,4841428
suzuki_instance_2_15_2_2,0,2.23,1.88,4823992
suzuki_instance_2_15_2_3,0,2.37,1.95,4849684
suzuki_instance_2_16_2_2,0,2.26,1.91,4824596
suzuki_instance_2_16_2_3,0,2.34,1.93,4852600
suzuki_instance_2_17_2_2,0,2.23,1.88,4825032
suzuki_instance_2_17_2_3,0,2.38,1.96,4861048
suzuki_instance_2_18_2_2,0,2.25,1.89,4829344
suzuki_instance_2_18_2_3,0,2.4,1.96,4872364
suzuki_instance_2_19_2_2,0,2.28,1.92,4835588
suzuki_instance_2_19_2_3,0,2.42,1.99,4880368
suzuki_instance_2_20_2_2,0,2.28,1.91,4836400
suzuki_instance_2_20_2_3,0,2.46,1.99,4889160
suzuki_instance_2_4_2_2,0,1.98,1.83,4797240
suzuki_instance_2_4_2_3,0,2.09,1.88,4801288
suzuki_instance_2_5_2_2,0,2.03,1.85,4799236
suzuki_instance_2_5_2_3,0,2.09,1.86,4802600
suzuki_instance_2_6_2_2,0,2.1,1.89,4802412
suzuki_instance_2_6_2_3,0,2.12,1.87,4820092
suzuki_instance_2_7_2_2,0,2.08,1.86,4805408
suzuki_instance_2_7_2_3,0,2.19,1.88,4811572
suzuki_instance_2_8_2_2,0,2.08,1.85,4806984
suzuki_instance_2_8_2_3,0,2.21,1.89,4815348
suzuki_instance_2_9_2_2,0,2.1,1.88,4804528
suzuki_instance_2_9_2_3,0,2.2199999999999998,1.87,4818448
suzuki_instance_3_10_2_2,0,2.2,1.88,4821680
suzuki_instance_3_10_2_3,0,2.36,1.95,4846824
suzuki_instance_3_11_2_2,0,2.24,1.91,4823792
suzuki_instance_3_11_2_3,0,2.38,1.95,4863808
suzuki_instance_3_12_2_2,0,2.27,1.92,4829236
suzuki_instance_3_12_2_3,0,2.4,1.98,4868004
suzuki_instance_3_13_2_2,0,2.27,1.9,4836252
suzuki_instance_3_13_2_3,0,2.42,1.97,4885324
suzuki_instance_3_14_2_2,0,2.28,1.92,4839412
suzuki_instance_3_14_2_3,0,2.49,1.98,4900296
suzuki_instance_3_15_2_2,0,2.32,1.93,4846048
suzuki_instance_3_15_2_3,0,2.51,2.0,4915476
suzuki_instance_3_16_2_2,0,2.33,1.96,4848664
suzuki_instance_3_16_2_3,0,2.5,2.02,4934328
suzuki_instance_3_17_2_2,0,2.36,1.95,4858896
suzuki_instance_3_17_2_3,0,2.58,2.06,4951700
suzuki_instance_3_18_2_2,0,2.35,1.95,4866316
suzuki_instance_3_18_2_3,0,2.66,2.1,4971304
suzuki_instance_3_19_2_2,0,2.38,1.96,4877328
suzuki_instance_3_19_2_3,0,2.66,2.09,4998360
suzuki_instance_3_20_2_2,0,2.41,1.98,4888784
suzuki_instance_3_20_2_3,0,2.73,2.12,5028172
suzuki_instance_3_4_2_2,0,2.08,1.87,4812392
suzuki_instance_3_4_2_3,0,2.13,1.87,4806888
suzuki_instance_3_5_2_2,0,2.08,1.86,4798044
suzuki_instance_3_5_2_3,0,2.21,1.87,4817960
suzuki_instance_3_6_2_2,0,2.1,1.88,4802484
suzuki_instance_3_6_2_3,0,2.2399999999999998,1.91,4818852
suzuki_instance_3_7_2_2,0,2.15,1.89,4807664
suzuki_instance_3_7_2_3,0,2.27,1.91,4821988
suzuki_instance_3_8_2_2,0,2.19,1.87,4816824
suzuki_instance_3_8_2_3,0,2.29,1.9,4834196
suzuki_instance_3_9_2_2,0,2.21,1.88,4817292
suzuki_instance_3_9_2_3,0,2.31,1.93,4837448
wap01a,0,6.32,5.12,7226188
wap02a,0,6.380000000000001,5.28,7831192
wap03a,0,33.61,32.33,22937912
wap04a,0,41.19,40.07,33812016
wap05a,0,3.5,2.35,5080544
wap06a,0,3.48,2.43,5116956
wap07a,0,5.14,3.94,6149656
wap08a,0,5.42,4.16,6416300
will199GPIA,0,2.9699999999999998,2.06,4942412
