graph_name,pw,type
1-FullIns_3,14,orig
1-FullIns_4,45,orig
1-FullIns_5,139,orig
1-Insertions_4,31,orig
1-Insertions_5,98,orig
1-Insertions_6,300,orig
2-FullIns_3,19,orig
2-FullIns_4,73,orig
2-FullIns_5,287,orig
2-Insertions_3,11,orig
2-Insertions_4,48,orig
2-Insertions_5,197,orig
3-FullIns_3,24,orig
3-FullIns_4,107,orig
3-FullIns_5,515,orig
3-Insertions_3,13,orig
3-Insertions_4,69,orig
3-Insertions_5,350,orig
4-FullIns_3,29,orig
4-FullIns_4,147,orig
4-FullIns_5,841,orig
4-Insertions_3,15,orig
4-Insertions_4,94,orig
5-FullIns_3,34,orig
5-FullIns_4,193,orig
anna,61,orig
ash331GPIA,102,orig
ash608GPIA,170,orig
ash958GPIA,172,orig
david,53,orig
DSJC1000.1,947,orig
DSJC1000.5,989,orig
DSJC1000.9,997,orig
DSJC125.1,91,orig
DSJC125.5,119,orig
DSJC125.9,123,orig
DSJC250.1,212,orig
DSJC250.5,242,orig
DSJC250.9,246,orig
DSJC500.1,457,orig
DSJC500.5,491,orig
DSJC500.9,496,orig
DSJR500.1,395,orig
DSJR500.1c,496,orig
DSJR500.5,493,orig
games120,91,orig
huck,48,orig
latin_square_10,891,orig
le450_15a,386,orig
le450_15b,381,orig
le450_15c,420,orig
le450_15d,419,orig
le450_25a,360,orig
le450_25b,361,orig
le450_25c,411,orig
le450_25d,416,orig
le450_5a,384,orig
le450_5b,382,orig
le450_5c,402,orig
le450_5d,405,orig
miles1000,123,orig
miles1500,125,orig
miles500,104,orig
miles750,115,orig
mug100_1,26,orig
mug100_25,32,orig
mug88_1,31,orig
mug88_25,32,orig
myciel3,7,orig
myciel4,17,orig
myciel5,38,orig
myciel6,82,orig
myciel7,172,orig
qg.order100,9900,orig
qg.order30,870,orig
qg.order40,1560,orig
qg.order60,3540,orig
queen10_10,91,orig
queen11_11,111,orig
queen12_12,133,orig
queen13_13,157,orig
queen14_14,183,orig
queen15_15,211,orig
queen16_16,241,orig
queen5_5,21,orig
queen6_6,31,orig
queen7_7,43,orig
queen8_12,85,orig
queen8_8,57,orig
queen9_9,73,orig
school1,320,orig
school1_nsh,292,orig
wap01a,1537,orig
wap02a,1512,orig
wap03a,3364,orig
wap04a,3394,orig
wap05a,674,orig
wap06a,668,orig
wap07a,1454,orig
wap08a,1445,orig
will199GPIA,399,orig
grid004x004,4,orig
grid010x010,10,orig
grid020x020,20,orig
grid030x030,30,orig
grid040x040,40,orig
grid050x050,50,orig
grid060x060,60,orig
grid070x070,70,orig
grid080x080,80,orig
grid090x090,90,orig
grid100x100,100,orig
grid200x200,200,orig
hc-power-11,6,orig
hc-power-12,6,orig
hc-square-01,4,orig
hc-square-02,4,orig
hc-toyno-01,3,orig
hc-toyyes-01,2,orig
hc-power-004-002,5,orig
hc-power-005-002,5,orig
hc-power-006-002,5,orig
hc-power-007-002,5,orig
hc-power-008-002,5,orig
hc-power-009-002,5,orig
hc-power-010-002,5,orig
hc-power-011-002,5,orig
hc-power-012-002,5,orig
hc-power-013-002,5,orig
hc-power-014-002,5,orig
hc-power-015-002,5,orig
hc-power-016-002,5,orig
hc-power-017-002,5,orig
hc-power-018-002,5,orig
hc-power-019-002,5,orig
hc-power-020-002,5,orig
queen008x008,57,orig
queen010x010,91,orig
queen012x012,133,orig
queen014x014,183,orig
queen016x016,241,orig
queen018x018,307,orig
queen020x020,381,orig
queen022x022,463,orig
queen024x024,553,orig
queen026x026,651,orig
queen028x028,757,orig
queen030x030,871,orig
queen040x040,1561,orig
queen050x050,2451,orig
queen060x060,3541,orig
queen070x070,4831,orig
queen080x080,6321,orig
queen090x090,8011,orig
queen100x100,9901,orig
queen200x200,39801,orig
sp001,11,orig
sp002,11,orig
sp003,11,orig
sp004,11,orig
sp005,11,orig
sp006,11,orig
sp007,11,orig
sp008,11,orig
sp009,11,orig
sp010,11,orig
sp011,11,orig
sp012,11,orig
sp013,11,orig
sp014,11,orig
sp015,11,orig
sp016,11,orig
sp017,11,orig
sp018,11,orig
sp019,11,orig
sp020,11,orig
sp021,11,orig
sp022,11,orig
sp023,11,orig
sp024,11,orig
sp025,11,orig
sp026,11,orig
sp027,11,orig
sp028,11,orig
sp029,11,orig
sp030,11,orig
hc-square-004-002,4,orig
hc-square-005-002,4,orig
hc-square-006-002,4,orig
hc-square-007-002,4,orig
hc-square-008-002,4,orig
hc-square-009-002,4,orig
hc-square-010-002,4,orig
hc-square-011-002,4,orig
hc-square-012-002,4,orig
hc-square-013-002,4,orig
hc-square-014-002,4,orig
hc-square-015-002,4,orig
hc-square-016-002,4,orig
hc-square-017-002,4,orig
hc-square-018-002,4,orig
hc-square-019-002,4,orig
hc-square-020-002,4,orig
IS_exp_instance001,11,orig
IS_exp_instance002,11,orig
IS_exp_instance003,11,orig
IS_exp_instance004,11,orig
IS_exp_instance005,11,orig
IS_exp_instance006,11,orig
IS_exp_instance007,11,orig
IS_exp_instance008,11,orig
IS_exp_instance009,11,orig
IS_exp_instance010,11,orig
IS_exp_instance011,11,orig
IS_exp_instance012,11,orig
IS_exp_instance013,11,orig
IS_exp_instance014,11,orig
IS_exp_instance015,11,orig
IS_exp_instance016,11,orig
IS_exp_instance017,11,orig
IS_exp_instance018,11,orig
IS_exp_instance019,11,orig
IS_exp_instance020,11,orig
IS_exp_instance021,11,orig
IS_exp_instance022,11,orig
IS_exp_instance023,11,orig
IS_exp_instance024,11,orig
IS_exp_instance025,11,orig
IS_exp_instance026,11,orig
IS_exp_instance027,11,orig
IS_exp_instance028,11,orig
IS_exp_instance029,11,orig
IS_exp_instance030,11,orig
IS_exp_instance031,11,orig
IS_exp_instance032,11,orig
IS_exp_instance033,11,orig
IS_exp_instance034,11,orig
IS_exp_instance035,11,orig
IS_exp_instance036,11,orig
IS_exp_instance037,11,orig
IS_exp_instance038,11,orig
IS_exp_instance039,11,orig
IS_exp_instance040,11,orig
LGC_exp_instance001,3,orig
LGC_exp_instance002,6,orig
LGC_exp_instance003,14,orig
LGC_exp_instance004,26,orig
LGC_exp_instance005,42,orig
LGC_exp_instance006,62,orig
LGC_exp_instance007,86,orig
LGC_exp_instance008,114,orig
LGC_exp_instance009,146,orig
LGC_exp_instance010,182,orig
LGC_exp_instance011,222,orig
LGC_exp_instance012,266,orig
LGC_exp_instance013,314,orig
LGC_exp_instance014,366,orig
LGC_exp_instance015,422,orig
LGC_exp_instance016,482,orig
LGC_exp_instance017,546,orig
LGC_exp_instance018,614,orig
LGC_exp_instance019,686,orig
LGC_exp_instance020,762,orig
LGC_exp_instance021,842,orig
LGC_exp_instance022,926,orig
LGC_exp_instance023,1014,orig
LGC_exp_instance024,1106,orig
LGC_exp_instance025,1202,orig
LGC_exp_instance026,1302,orig
LGC_exp_instance027,1406,orig
LGC_exp_instance028,1514,orig
LGC_exp_instance029,1626,orig
LGC_exp_instance030,1742,orig
LGC_exp_instance031,1862,orig
LGC_exp_instance032,1986,orig
LGC_exp_instance033,2114,orig
LGC_exp_instance034,2246,orig
LGC_exp_instance035,2382,orig
LGC_exp_instance036,2522,orig
LGC_exp_instance037,2666,orig
LGC_exp_instance038,2814,orig
LGC_exp_instance039,2966,orig
LGC_exp_instance040,3122,orig
SAT_exp_instance001,1,orig
SAT_exp_instance002,2,orig
SAT_exp_instance003,3,orig
SAT_exp_instance004,10,orig
SAT_exp_instance005,11,orig
SAT_exp_instance006,24,orig
SAT_exp_instance007,25,orig
SAT_exp_instance008,44,orig
SAT_exp_instance009,45,orig
SAT_exp_instance010,70,orig
SAT_exp_instance011,71,orig
SAT_exp_instance012,102,orig
SAT_exp_instance013,103,orig
SAT_exp_instance014,140,orig
SAT_exp_instance015,141,orig
SAT_exp_instance016,184,orig
SAT_exp_instance017,185,orig
SAT_exp_instance018,234,orig
SAT_exp_instance019,235,orig
SAT_exp_instance020,290,orig
SAT_exp_instance021,291,orig
SAT_exp_instance022,352,orig
SAT_exp_instance023,353,orig
SAT_exp_instance024,420,orig
SAT_exp_instance025,421,orig
SAT_exp_instance026,494,orig
SAT_exp_instance027,495,orig
SAT_exp_instance028,574,orig
SAT_exp_instance029,575,orig
SAT_exp_instance030,660,orig
SAT_exp_instance031,661,orig
SAT_exp_instance032,752,orig
SAT_exp_instance033,753,orig
SAT_exp_instance034,850,orig
SAT_exp_instance035,851,orig
SAT_exp_instance036,954,orig
SAT_exp_instance037,955,orig
SAT_exp_instance038,1064,orig
SAT_exp_instance039,1065,orig
SAT_exp_instance040,1180,orig
suzuki_instance_3_10_2_2,307,orig
suzuki_instance_3_11_2_2,337,orig
suzuki_instance_3_12_2_2,367,orig
suzuki_instance_3_13_2_2,397,orig
suzuki_instance_3_14_2_2,427,orig
suzuki_instance_3_15_2_2,457,orig
suzuki_instance_3_16_2_2,487,orig
suzuki_instance_3_17_2_2,517,orig
suzuki_instance_3_18_2_2,547,orig
suzuki_instance_3_19_2_2,577,orig
suzuki_instance_3_20_2_2,607,orig
suzuki_instance_3_4_2_2,127,orig
suzuki_instance_3_5_2_2,157,orig
suzuki_instance_3_6_2_2,187,orig
suzuki_instance_3_7_2_2,217,orig
suzuki_instance_3_8_2_2,247,orig
suzuki_instance_3_9_2_2,277,orig
suzuki_instance_3_10_2_3,461,orig
suzuki_instance_3_11_2_3,506,orig
suzuki_instance_3_12_2_3,551,orig
suzuki_instance_3_13_2_3,596,orig
suzuki_instance_3_14_2_3,641,orig
suzuki_instance_3_15_2_3,686,orig
suzuki_instance_3_16_2_3,731,orig
suzuki_instance_3_17_2_3,776,orig
suzuki_instance_3_18_2_3,821,orig
suzuki_instance_3_19_2_3,866,orig
suzuki_instance_3_20_2_3,911,orig
suzuki_instance_3_4_2_3,191,orig
suzuki_instance_3_5_2_3,236,orig
suzuki_instance_3_6_2_3,281,orig
suzuki_instance_3_7_2_3,326,orig
suzuki_instance_3_8_2_3,371,orig
suzuki_instance_3_9_2_3,416,orig
suzuki_instance_2_10_2_2,207,orig
suzuki_instance_2_11_2_2,227,orig
suzuki_instance_2_12_2_2,247,orig
suzuki_instance_2_13_2_2,267,orig
suzuki_instance_2_14_2_2,287,orig
suzuki_instance_2_15_2_2,307,orig
suzuki_instance_2_16_2_2,327,orig
suzuki_instance_2_17_2_2,347,orig
suzuki_instance_2_18_2_2,367,orig
suzuki_instance_2_19_2_2,387,orig
suzuki_instance_2_20_2_2,407,orig
suzuki_instance_2_4_2_2,87,orig
suzuki_instance_2_5_2_2,107,orig
suzuki_instance_2_6_2_2,127,orig
suzuki_instance_2_7_2_2,147,orig
suzuki_instance_2_8_2_2,167,orig
suzuki_instance_2_9_2_2,187,orig
suzuki_instance_2_10_2_3,311,orig
suzuki_instance_2_11_2_3,341,orig
suzuki_instance_2_12_2_3,371,orig
suzuki_instance_2_13_2_3,401,orig
suzuki_instance_2_14_2_3,431,orig
suzuki_instance_2_15_2_3,461,orig
suzuki_instance_2_16_2_3,491,orig
suzuki_instance_2_17_2_3,521,orig
suzuki_instance_2_18_2_3,551,orig
suzuki_instance_2_19_2_3,581,orig
suzuki_instance_2_20_2_3,611,orig
suzuki_instance_2_4_2_3,131,orig
suzuki_instance_2_5_2_3,161,orig
suzuki_instance_2_6_2_3,191,orig
suzuki_instance_2_7_2_3,221,orig
suzuki_instance_2_8_2_3,251,orig
suzuki_instance_2_9_2_3,281,orig
ph-03-02,13,orig
ph-03-03,20,orig
ph-04-03,26,orig
ph-04-04,35,orig
ph-05-04,43,orig
ph-05-05,54,orig
ph-06-05,64,orig
ph-06-06,77,orig
ph-07-06,89,orig
ph-07-07,104,orig
ph-08-07,118,orig
ph-08-08,135,orig
ph-09-08,151,orig
ph-09-09,170,orig
ph-10-09,188,orig
ph-10-10,209,orig
ph-11-10,229,orig
ph-11-11,252,orig
ph-12-11,274,orig
ph-12-12,299,orig
ph-13-12,323,orig
ph-13-13,350,orig
ph-14-13,376,orig
ph-14-14,405,orig
ph-15-14,433,orig
ph-15-15,464,orig
ph-16-15,494,orig
ph-16-16,527,orig
ph-17-16,559,orig
ph-17-17,594,orig
ph-18-17,628,orig
ph-18-18,665,orig
ph-19-18,701,orig
ph-19-19,740,orig
ph-20-19,778,orig
ph-20-20,819,orig
random_instance001_graph001,9,orig
random_instance001_graph002,8,orig
random_instance001_graph003,10,orig
random_instance001_graph004,9,orig
random_instance001_graph005,10,orig
random_instance002_graph001,18,orig
random_instance002_graph002,15,orig
random_instance002_graph003,16,orig
random_instance002_graph004,15,orig
random_instance002_graph005,18,orig
random_instance003_graph001,26,orig
random_instance003_graph002,21,orig
random_instance003_graph003,28,orig
random_instance003_graph004,27,orig
random_instance003_graph005,26,orig
random_instance004_graph001,35,orig
random_instance004_graph002,35,orig
random_instance004_graph003,31,orig
random_instance004_graph004,33,orig
random_instance004_graph005,33,orig
random_instance005_graph001,43,orig
random_instance005_graph002,41,orig
random_instance005_graph003,40,orig
random_instance005_graph004,38,orig
random_instance005_graph005,40,orig
random_instance006_graph001,46,orig
random_instance006_graph002,44,orig
random_instance006_graph003,49,orig
random_instance006_graph004,48,orig
random_instance006_graph005,51,orig
random_instance007_graph001,56,orig
random_instance007_graph002,50,orig
random_instance007_graph003,54,orig
random_instance007_graph004,54,orig
random_instance007_graph005,53,orig
random_instance008_graph001,62,orig
random_instance008_graph002,59,orig
random_instance008_graph003,64,orig
random_instance008_graph004,64,orig
random_instance008_graph005,58,orig
random_instance009_graph001,71,orig
random_instance009_graph002,72,orig
random_instance009_graph003,66,orig
random_instance009_graph004,75,orig
random_instance009_graph005,72,orig
random_instance010_graph001,79,orig
random_instance010_graph002,78,orig
random_instance010_graph003,71,orig
random_instance010_graph004,78,orig
random_instance010_graph005,77,orig
random_instance011_graph001,91,orig
random_instance011_graph002,86,orig
random_instance011_graph003,82,orig
random_instance011_graph004,83,orig
random_instance011_graph005,86,orig
random_instance012_graph001,88,orig
random_instance012_graph002,89,orig
random_instance012_graph003,95,orig
random_instance012_graph004,91,orig
random_instance012_graph005,94,orig
random_instance013_graph001,99,orig
random_instance013_graph002,94,orig
random_instance013_graph003,101,orig
random_instance013_graph004,103,orig
random_instance013_graph005,100,orig
random_instance014_graph001,110,orig
random_instance014_graph002,116,orig
random_instance014_graph003,111,orig
random_instance014_graph004,109,orig
random_instance014_graph005,113,orig
random_instance015_graph001,114,orig
random_instance015_graph002,115,orig
random_instance015_graph003,121,orig
random_instance015_graph004,112,orig
random_instance015_graph005,118,orig
random_instance016_graph001,127,orig
random_instance016_graph002,121,orig
random_instance016_graph003,117,orig
random_instance016_graph004,125,orig
random_instance016_graph005,122,orig
random_instance017_graph001,142,orig
random_instance017_graph002,131,orig
random_instance017_graph003,140,orig
random_instance017_graph004,134,orig
random_instance017_graph005,131,orig
random_instance018_graph001,143,orig
random_instance018_graph002,139,orig
random_instance018_graph003,146,orig
random_instance018_graph004,131,orig
random_instance018_graph005,140,orig
random_instance019_graph001,147,orig
random_instance019_graph002,147,orig
random_instance019_graph003,141,orig
random_instance019_graph004,142,orig
random_instance019_graph005,151,orig
random_instance020_graph001,149,orig
random_instance020_graph002,152,orig
random_instance020_graph003,155,orig
random_instance020_graph004,151,orig
random_instance020_graph005,147,orig
random_instance021_graph001,148,orig
random_instance021_graph002,161,orig
random_instance021_graph003,160,orig
random_instance021_graph004,158,orig
random_instance021_graph005,161,orig
random_instance022_graph001,170,orig
random_instance022_graph002,176,orig
random_instance022_graph003,177,orig
random_instance022_graph004,170,orig
random_instance022_graph005,168,orig
random_instance023_graph001,169,orig
random_instance023_graph002,177,orig
random_instance023_graph003,170,orig
random_instance023_graph004,177,orig
random_instance023_graph005,190,orig
random_instance024_graph001,182,orig
random_instance024_graph002,184,orig
random_instance024_graph003,181,orig
random_instance024_graph004,181,orig
random_instance024_graph005,176,orig
random_instance025_graph001,186,orig
random_instance025_graph002,191,orig
random_instance025_graph003,189,orig
random_instance025_graph004,190,orig
random_instance025_graph005,198,orig
random_instance026_graph001,204,orig
random_instance026_graph002,197,orig
random_instance026_graph003,193,orig
random_instance026_graph004,194,orig
random_instance026_graph005,200,orig
random_instance027_graph001,198,orig
random_instance027_graph002,211,orig
random_instance027_graph003,211,orig
random_instance027_graph004,214,orig
random_instance027_graph005,210,orig
random_instance028_graph001,215,orig
random_instance028_graph002,210,orig
random_instance028_graph003,218,orig
random_instance028_graph004,210,orig
random_instance028_graph005,217,orig
random_instance029_graph001,223,orig
random_instance029_graph002,210,orig
random_instance029_graph003,221,orig
random_instance029_graph004,222,orig
random_instance029_graph005,222,orig
random_instance030_graph001,238,orig
random_instance030_graph002,233,orig
random_instance030_graph003,230,orig
random_instance030_graph004,230,orig
random_instance030_graph005,230,orig
random_instance031_graph001,236,orig
random_instance031_graph002,236,orig
random_instance031_graph003,231,orig
random_instance031_graph004,234,orig
random_instance031_graph005,234,orig
random_instance032_graph001,249,orig
random_instance032_graph002,240,orig
random_instance032_graph003,238,orig
random_instance032_graph004,248,orig
random_instance032_graph005,247,orig
random_instance033_graph001,264,orig
random_instance033_graph002,255,orig
random_instance033_graph003,249,orig
random_instance033_graph004,266,orig
random_instance033_graph005,249,orig
random_instance034_graph001,260,orig
random_instance034_graph002,265,orig
random_instance034_graph003,264,orig
random_instance034_graph004,254,orig
random_instance034_graph005,255,orig
random_instance035_graph001,266,orig
random_instance035_graph002,271,orig
random_instance035_graph003,271,orig
random_instance035_graph004,252,orig
random_instance035_graph005,261,orig
random_instance036_graph001,272,orig
random_instance036_graph002,271,orig
random_instance036_graph003,268,orig
random_instance036_graph004,284,orig
random_instance036_graph005,278,orig
random_instance037_graph001,276,orig
random_instance037_graph002,279,orig
random_instance037_graph003,281,orig
random_instance037_graph004,285,orig
random_instance037_graph005,281,orig
random_instance038_graph001,302,orig
random_instance038_graph002,288,orig
random_instance038_graph003,291,orig
random_instance038_graph004,293,orig
random_instance038_graph005,304,orig
random_instance039_graph001,303,orig
random_instance039_graph002,292,orig
random_instance039_graph003,300,orig
random_instance039_graph004,290,orig
random_instance039_graph005,298,orig
random_instance040_graph001,296,orig
random_instance040_graph002,305,orig
random_instance040_graph003,302,orig
random_instance040_graph004,307,orig
random_instance040_graph005,300,orig
1-FullIns_3,11,opt
1-FullIns_4,32,opt
1-Insertions_4,21,opt
2-FullIns_3,15,opt
2-Insertions_3,9,opt
3-FullIns_3,20,opt
3-Insertions_3,11,opt
4-FullIns_3,24,opt
4-Insertions_3,13,opt
david,13,opt
DSJC1000.9,990,opt
DSJC125.5,108,opt
DSJC125.9,119,opt
DSJC250.9,243,opt
DSJC500.9,492,opt
DSJR500.1c,485,opt
DSJR500.5,246,opt
games120,32,opt
grid004x004,4,opt
grid010x010,10,opt
hc-power-004-002,5,opt
hc-power-005-002,5,opt
hc-power-006-002,5,opt
hc-power-007-002,5,opt
hc-power-008-002,5,opt
hc-power-009-002,5,opt
hc-power-010-002,5,opt
hc-power-011-002,5,opt
hc-power-012-002,5,opt
hc-power-013-002,5,opt
hc-power-014-002,5,opt
hc-power-015-002,5,opt
hc-power-016-002,5,opt
hc-power-017-002,5,opt
hc-power-018-002,5,opt
hc-power-019-002,5,opt
hc-power-020-002,5,opt
hc-power-11,4,opt
hc-power-12,5,opt
hc-square-004-002,4,opt
hc-square-005-002,4,opt
hc-square-006-002,4,opt
hc-square-007-002,4,opt
hc-square-008-002,4,opt
hc-square-009-002,4,opt
hc-square-01,3,opt
hc-square-010-002,4,opt
hc-square-011-002,4,opt
hc-square-012-002,4,opt
hc-square-013-002,4,opt
hc-square-014-002,4,opt
hc-square-015-002,4,opt
hc-square-016-002,4,opt
hc-square-017-002,4,opt
hc-square-018-002,4,opt
hc-square-019-002,4,opt
hc-square-02,4,opt
hc-square-020-002,4,opt
hc-toyno-01,3,opt
hc-toyyes-01,2,opt
huck,10,opt
latin_square_10,851,opt
LGC_exp_instance001,3,opt
LGC_exp_instance002,3,opt
LGC_exp_instance003,4,opt
LGC_exp_instance004,5,opt
LGC_exp_instance005,6,opt
LGC_exp_instance006,7,opt
miles1000,49,opt
miles1500,77,opt
miles500,22,opt
miles750,36,opt
mug100_1,5,opt
mug100_25,6,opt
mug88_1,5,opt
mug88_25,5,opt
myciel3,5,opt
myciel4,10,opt
myciel5,20,opt
myciel6,38,opt
ph-03-02,5,opt
ph-03-03,7,opt
ph-04-03,9,opt
ph-04-04,10,opt
queen008x008,45,opt
queen010x010,72,opt
queen10_10,72,opt
queen11_11,87,opt
queen5_5,18,opt
queen6_6,25,opt
queen7_7,35,opt
queen8_12,65,opt
queen8_8,45,opt
queen9_9,58,opt
random_instance001_graph001,6,opt
random_instance001_graph002,6,opt
random_instance001_graph003,7,opt
random_instance001_graph004,7,opt
random_instance001_graph005,6,opt
random_instance002_graph001,9,opt
random_instance002_graph002,10,opt
random_instance002_graph003,11,opt
random_instance002_graph004,11,opt
random_instance002_graph005,10,opt
random_instance003_graph001,13,opt
random_instance003_graph002,13,opt
random_instance003_graph003,13,opt
random_instance003_graph004,14,opt
random_instance003_graph005,14,opt
random_instance004_graph001,17,opt
random_instance004_graph002,18,opt
random_instance004_graph003,17,opt
random_instance004_graph004,16,opt
random_instance004_graph005,17,opt
random_instance005_graph001,20,opt
random_instance005_graph002,20,opt
random_instance005_graph003,21,opt
random_instance005_graph004,20,opt
random_instance005_graph005,19,opt
random_instance006_graph002,24,opt
random_instance006_graph003,23,opt
random_instance006_graph004,24,opt
SAT_exp_instance002,1,opt
SAT_exp_instance004,4,opt
SAT_exp_instance006,6,opt
SAT_exp_instance008,8,opt
SAT_exp_instance010,10,opt
SAT_exp_instance012,12,opt
sp001,10,opt
sp002,10,opt
sp003,10,opt
sp004,10,opt
sp005,10,opt
sp006,10,opt
sp007,10,opt
sp008,10,opt
sp009,10,opt
sp010,10,opt
sp011,10,opt
sp012,10,opt
sp013,10,opt
sp014,10,opt
sp015,10,opt
sp016,10,opt
sp017,10,opt
sp018,10,opt
sp019,10,opt
sp020,10,opt
sp021,10,opt
sp022,10,opt
sp023,10,opt
sp024,10,opt
sp025,10,opt
sp026,10,opt
sp027,10,opt
sp028,10,opt
sp029,10,opt
sp030,10,opt
suzuki_instance_2_10_2_2,9,opt
suzuki_instance_2_10_2_3,14,opt
suzuki_instance_2_11_2_2,9,opt
suzuki_instance_2_11_2_3,14,opt
suzuki_instance_2_12_2_2,9,opt
suzuki_instance_2_12_2_3,14,opt
suzuki_instance_2_13_2_2,9,opt
suzuki_instance_2_13_2_3,14,opt
suzuki_instance_2_14_2_2,9,opt
suzuki_instance_2_14_2_3,14,opt
suzuki_instance_2_15_2_2,9,opt
suzuki_instance_2_15_2_3,14,opt
suzuki_instance_2_16_2_2,9,opt
suzuki_instance_2_16_2_3,14,opt
suzuki_instance_2_17_2_2,9,opt
suzuki_instance_2_17_2_3,14,opt
suzuki_instance_2_18_2_2,9,opt
suzuki_instance_2_18_2_3,14,opt
suzuki_instance_2_19_2_2,9,opt
suzuki_instance_2_19_2_3,14,opt
suzuki_instance_2_20_2_2,9,opt
suzuki_instance_2_20_2_3,14,opt
suzuki_instance_2_4_2_2,9,opt
suzuki_instance_2_4_2_3,14,opt
suzuki_instance_2_5_2_2,9,opt
suzuki_instance_2_5_2_3,14,opt
suzuki_instance_2_6_2_2,9,opt
suzuki_instance_2_6_2_3,14,opt
suzuki_instance_2_7_2_2,9,opt
suzuki_instance_2_7_2_3,14,opt
suzuki_instance_2_8_2_2,9,opt
suzuki_instance_2_8_2_3,14,opt
suzuki_instance_2_9_2_2,9,opt
suzuki_instance_2_9_2_3,14,opt
suzuki_instance_3_10_2_2,11,opt
suzuki_instance_3_10_2_3,17,opt
suzuki_instance_3_11_2_2,11,opt
suzuki_instance_3_11_2_3,17,opt
suzuki_instance_3_12_2_2,11,opt
suzuki_instance_3_12_2_3,17,opt
suzuki_instance_3_13_2_2,11,opt
suzuki_instance_3_13_2_3,17,opt
suzuki_instance_3_14_2_2,11,opt
suzuki_instance_3_14_2_3,17,opt
suzuki_instance_3_15_2_2,11,opt
suzuki_instance_3_15_2_3,17,opt
suzuki_instance_3_16_2_2,11,opt
suzuki_instance_3_16_2_3,17,opt
suzuki_instance_3_17_2_2,11,opt
suzuki_instance_3_17_2_3,17,opt
suzuki_instance_3_18_2_2,11,opt
suzuki_instance_3_18_2_3,17,opt
suzuki_instance_3_19_2_2,11,opt
suzuki_instance_3_19_2_3,17,opt
suzuki_instance_3_20_2_2,11,opt
suzuki_instance_3_20_2_3,17,opt
suzuki_instance_3_4_2_2,11,opt
suzuki_instance_3_4_2_3,17,opt
suzuki_instance_3_5_2_2,11,opt
suzuki_instance_3_5_2_3,17,opt
suzuki_instance_3_6_2_2,11,opt
suzuki_instance_3_6_2_3,17,opt
suzuki_instance_3_7_2_2,11,opt
suzuki_instance_3_7_2_3,17,opt
suzuki_instance_3_8_2_2,11,opt
suzuki_instance_3_8_2_3,17,opt
suzuki_instance_3_9_2_2,11,opt
suzuki_instance_3_9_2_3,17,opt
1-FullIns_3,13,heur
1-FullIns_4,35,heur
1-FullIns_5,102,heur
1-Insertions_4,24,heur
1-Insertions_5,70,heur
1-Insertions_6,206,heur
2-FullIns_3,21,heur
2-FullIns_4,66,heur
2-FullIns_5,228,heur
2-Insertions_3,10,heur
2-Insertions_4,39,heur
2-Insertions_5,152,heur
3-FullIns_3,31,heur
3-FullIns_4,103,heur
3-FullIns_5,431,heur
3-Insertions_3,12,heur
3-Insertions_4,58,heur
3-Insertions_5,284,heur
4-FullIns_3,43,heur
4-FullIns_4,148,heur
4-FullIns_5,728,heur
4-Insertions_3,14,heur
4-Insertions_4,81,heur
5-FullIns_3,57,heur
5-FullIns_4,200,heur
anna,21,heur
ash331GPIA,115,heur
ash608GPIA,109,heur
ash958GPIA,137,heur
david,18,heur
DSJC1000.1,883,heur
DSJC1000.5,975,heur
DSJC1000.9,992,heur
DSJC125.1,66,heur
DSJC125.5,110,heur
DSJC125.9,119,heur
DSJC250.1,174,heur
DSJC250.5,232,heur
DSJC250.9,243,heur
DSJC500.1,405,heur
DSJC500.5,479,heur
DSJC500.9,492,heur
DSJR500.1,57,heur
DSJR500.1c,485,heur
DSJR500.5,252,heur
games120,46,heur
grid004x004,4,heur
grid010x010,10,heur
grid020x020,20,heur
grid030x030,30,heur
grid040x040,40,heur
grid050x050,50,heur
grid060x060,60,heur
grid070x070,70,heur
grid080x080,80,heur
grid090x090,90,heur
grid100x100,100,heur
grid200x200,200,heur
hc-power-004-002,5,heur
hc-power-005-002,5,heur
hc-power-006-002,5,heur
hc-power-007-002,5,heur
hc-power-008-002,5,heur
hc-power-009-002,5,heur
hc-power-010-002,5,heur
hc-power-011-002,5,heur
hc-power-012-002,5,heur
hc-power-013-002,5,heur
hc-power-014-002,5,heur
hc-power-015-002,5,heur
hc-power-016-002,5,heur
hc-power-017-002,5,heur
hc-power-018-002,5,heur
hc-power-019-002,5,heur
hc-power-020-002,5,heur
hc-power-11,4,heur
hc-power-12,5,heur
hc-square-004-002,4,heur
hc-square-005-002,4,heur
hc-square-006-002,4,heur
hc-square-007-002,4,heur
hc-square-008-002,4,heur
hc-square-009-002,4,heur
hc-square-01,3,heur
hc-square-010-002,4,heur
hc-square-011-002,4,heur
hc-square-012-002,4,heur
hc-square-013-002,4,heur
hc-square-014-002,4,heur
hc-square-015-002,4,heur
hc-square-016-002,4,heur
hc-square-017-002,4,heur
hc-square-018-002,4,heur
hc-square-019-002,4,heur
hc-square-02,4,heur
hc-square-020-002,4,heur
hc-toyno-01,3,heur
hc-toyyes-01,2,heur
huck,16,heur
latin_square_10,851,heur
le450_15a,284,heur
le450_15b,281,heur
le450_15c,358,heur
le450_15d,362,heur
le450_25a,244,heur
le450_25b,253,heur
le450_25c,327,heur
le450_25d,344,heur
le450_5a,246,heur
le450_5b,266,heur
le450_5c,274,heur
le450_5d,278,heur
LGC_exp_instance001,3,heur
LGC_exp_instance002,4,heur
LGC_exp_instance003,4,heur
LGC_exp_instance004,7,heur
LGC_exp_instance005,9,heur
LGC_exp_instance006,11,heur
LGC_exp_instance007,13,heur
LGC_exp_instance008,15,heur
LGC_exp_instance009,17,heur
LGC_exp_instance010,19,heur
miles1000,50,heur
miles1500,77,heur
miles500,30,heur
miles750,48,heur
mug100_1,16,heur
mug100_25,17,heur
mug88_1,11,heur
mug88_25,10,heur
myciel3,5,heur
myciel4,11,heur
myciel5,20,heur
myciel6,39,heur
myciel7,76,heur
ph-03-02,6,heur
ph-03-03,8,heur
ph-04-03,10,heur
ph-04-04,11,heur
ph-05-04,17,heur
ph-05-05,19,heur
ph-06-05,22,heur
ph-06-06,25,heur
ph-07-06,29,heur
ph-07-07,36,heur
ph-08-07,41,heur
ph-08-08,49,heur
ph-09-08,55,heur
ph-09-09,64,heur
ph-10-09,71,heur
ph-10-10,81,heur
ph-11-10,89,heur
ph-11-11,100,heur
ph-12-11,109,heur
ph-12-12,121,heur
ph-13-12,131,heur
ph-13-13,144,heur
ph-14-13,155,heur
ph-14-14,169,heur
ph-15-14,181,heur
ph-15-15,196,heur
ph-16-15,209,heur
ph-16-16,225,heur
ph-17-16,239,heur
ph-17-17,256,heur
ph-18-17,271,heur
ph-18-18,289,heur
ph-19-18,305,heur
ph-19-19,324,heur
ph-20-19,341,heur
ph-20-20,361,heur
qg.order100,5049,heur
qg.order30,464,heur
qg.order40,819,heur
qg.order60,1829,heur
queen008x008,47,heur
queen010x010,74,heur
queen020x020,302,heur
queen030x030,699,heur
queen040x040,1260,heur
queen050x050,2000,heur
queen060x060,2889,heur
queen070x070,3905,heur
queen080x080,5184,heur
queen090x090,6621,heur
queen100x100,8132,heur
queen10_10,74,heur
queen11_11,88,heur
queen12_12,108,heur
queen13_13,126,heur
queen14_14,147,heur
queen15_15,170,heur
queen16_16,193,heur
queen5_5,19,heur
queen6_6,25,heur
queen7_7,35,heur
queen8_12,68,heur
queen8_8,47,heur
queen9_9,59,heur
random_instance001_graph001,6,heur
random_instance001_graph002,7,heur
random_instance001_graph003,7,heur
random_instance001_graph004,7,heur
random_instance001_graph005,6,heur
random_instance002_graph001,9,heur
random_instance002_graph002,10,heur
random_instance002_graph003,11,heur
random_instance002_graph004,11,heur
random_instance002_graph005,10,heur
random_instance003_graph001,14,heur
random_instance003_graph002,14,heur
random_instance003_graph003,14,heur
random_instance003_graph004,16,heur
random_instance003_graph005,16,heur
random_instance004_graph001,17,heur
random_instance004_graph002,18,heur
random_instance004_graph003,20,heur
random_instance004_graph004,17,heur
random_instance004_graph005,20,heur
random_instance005_graph001,23,heur
random_instance005_graph002,21,heur
random_instance005_graph003,23,heur
random_instance005_graph004,24,heur
random_instance005_graph005,22,heur
random_instance006_graph001,26,heur
random_instance006_graph002,29,heur
random_instance006_graph003,27,heur
random_instance006_graph004,25,heur
random_instance006_graph005,26,heur
random_instance007_graph001,30,heur
random_instance007_graph002,31,heur
random_instance007_graph003,31,heur
random_instance007_graph004,29,heur
random_instance007_graph005,30,heur
random_instance008_graph001,38,heur
random_instance008_graph002,34,heur
random_instance008_graph003,34,heur
random_instance008_graph004,33,heur
random_instance008_graph005,32,heur
random_instance009_graph001,40,heur
random_instance009_graph002,39,heur
random_instance009_graph003,40,heur
random_instance009_graph004,41,heur
random_instance009_graph005,36,heur
random_instance010_graph001,43,heur
random_instance010_graph002,44,heur
random_instance010_graph003,44,heur
random_instance010_graph004,43,heur
random_instance010_graph005,43,heur
random_instance011_graph001,48,heur
random_instance011_graph002,47,heur
random_instance011_graph003,47,heur
random_instance011_graph004,51,heur
random_instance011_graph005,45,heur
random_instance012_graph001,51,heur
random_instance012_graph002,52,heur
random_instance012_graph003,48,heur
random_instance012_graph004,51,heur
random_instance012_graph005,50,heur
random_instance013_graph001,52,heur
random_instance013_graph002,52,heur
random_instance013_graph003,54,heur
random_instance013_graph004,51,heur
random_instance013_graph005,56,heur
random_instance014_graph001,59,heur
random_instance014_graph002,60,heur
random_instance014_graph003,58,heur
random_instance014_graph004,59,heur
random_instance014_graph005,55,heur
random_instance015_graph001,62,heur
random_instance015_graph002,61,heur
random_instance015_graph003,63,heur
random_instance015_graph004,61,heur
random_instance015_graph005,67,heur
random_instance016_graph001,68,heur
random_instance016_graph002,68,heur
random_instance016_graph003,73,heur
random_instance016_graph004,66,heur
random_instance016_graph005,66,heur
random_instance017_graph001,69,heur
random_instance017_graph002,70,heur
random_instance017_graph003,71,heur
random_instance017_graph004,70,heur
random_instance017_graph005,73,heur
random_instance018_graph001,78,heur
random_instance018_graph002,79,heur
random_instance018_graph003,76,heur
random_instance018_graph004,71,heur
random_instance018_graph005,75,heur
random_instance019_graph001,72,heur
random_instance019_graph002,79,heur
random_instance019_graph003,75,heur
random_instance019_graph004,79,heur
random_instance019_graph005,78,heur
random_instance020_graph001,78,heur
random_instance020_graph002,82,heur
random_instance020_graph003,85,heur
random_instance020_graph004,81,heur
random_instance020_graph005,80,heur
random_instance021_graph001,85,heur
random_instance021_graph002,86,heur
random_instance021_graph003,88,heur
random_instance021_graph004,86,heur
random_instance021_graph005,81,heur
random_instance022_graph001,91,heur
random_instance022_graph002,93,heur
random_instance022_graph003,92,heur
random_instance022_graph004,94,heur
random_instance022_graph005,86,heur
random_instance023_graph001,97,heur
random_instance023_graph002,97,heur
random_instance023_graph003,88,heur
random_instance023_graph004,92,heur
random_instance023_graph005,98,heur
random_instance024_graph001,99,heur
random_instance024_graph002,94,heur
random_instance024_graph003,100,heur
random_instance024_graph004,99,heur
random_instance024_graph005,97,heur
random_instance025_graph001,103,heur
random_instance025_graph002,101,heur
random_instance025_graph003,104,heur
random_instance025_graph004,102,heur
random_instance025_graph005,100,heur
random_instance026_graph001,108,heur
random_instance026_graph002,106,heur
random_instance026_graph003,113,heur
random_instance026_graph004,105,heur
random_instance026_graph005,108,heur
random_instance027_graph001,114,heur
random_instance027_graph002,111,heur
random_instance027_graph003,111,heur
random_instance027_graph004,114,heur
random_instance027_graph005,114,heur
random_instance028_graph001,117,heur
random_instance028_graph002,112,heur
random_instance028_graph003,115,heur
random_instance028_graph004,115,heur
random_instance028_graph005,113,heur
random_instance029_graph001,119,heur
random_instance029_graph002,121,heur
random_instance029_graph003,116,heur
random_instance029_graph004,116,heur
random_instance029_graph005,121,heur
random_instance030_graph001,127,heur
random_instance030_graph002,116,heur
random_instance030_graph003,124,heur
random_instance030_graph004,123,heur
random_instance030_graph005,129,heur
random_instance031_graph001,129,heur
random_instance031_graph002,129,heur
random_instance031_graph003,128,heur
random_instance031_graph004,132,heur
random_instance031_graph005,122,heur
random_instance032_graph001,131,heur
random_instance032_graph002,133,heur
random_instance032_graph003,136,heur
random_instance032_graph004,129,heur
random_instance032_graph005,130,heur
random_instance033_graph001,136,heur
random_instance033_graph002,133,heur
random_instance033_graph003,132,heur
random_instance033_graph004,135,heur
random_instance033_graph005,134,heur
random_instance034_graph001,143,heur
random_instance034_graph002,134,heur
random_instance034_graph003,143,heur
random_instance034_graph004,140,heur
random_instance034_graph005,140,heur
random_instance035_graph001,138,heur
random_instance035_graph002,147,heur
random_instance035_graph003,144,heur
random_instance035_graph004,145,heur
random_instance035_graph005,148,heur
random_instance036_graph001,146,heur
random_instance036_graph002,141,heur
random_instance036_graph003,142,heur
random_instance036_graph004,148,heur
random_instance036_graph005,149,heur
random_instance037_graph001,152,heur
random_instance037_graph002,150,heur
random_instance037_graph003,144,heur
random_instance037_graph004,153,heur
random_instance037_graph005,147,heur
random_instance038_graph001,151,heur
random_instance038_graph002,153,heur
random_instance038_graph003,161,heur
random_instance038_graph004,150,heur
random_instance038_graph005,155,heur
random_instance039_graph001,167,heur
random_instance039_graph002,162,heur
random_instance039_graph003,166,heur
random_instance039_graph004,156,heur
random_instance039_graph005,158,heur
random_instance040_graph001,159,heur
random_instance040_graph002,159,heur
random_instance040_graph003,163,heur
random_instance040_graph004,163,heur
random_instance040_graph005,168,heur
SAT_exp_instance002,1,heur
SAT_exp_instance004,4,heur
SAT_exp_instance006,6,heur
SAT_exp_instance008,11,heur
SAT_exp_instance010,11,heur
SAT_exp_instance012,14,heur
SAT_exp_instance014,17,heur
SAT_exp_instance016,20,heur
SAT_exp_instance018,23,heur
SAT_exp_instance020,26,heur
school1,230,heur
school1_nsh,185,heur
sp001,10,heur
sp002,10,heur
sp003,10,heur
sp004,10,heur
sp005,10,heur
sp006,10,heur
sp007,10,heur
sp008,10,heur
sp009,10,heur
sp010,10,heur
sp011,10,heur
sp012,10,heur
sp013,10,heur
sp014,10,heur
sp015,10,heur
sp016,10,heur
sp017,10,heur
sp018,10,heur
sp019,10,heur
sp020,10,heur
sp021,10,heur
sp022,10,heur
sp023,10,heur
sp024,10,heur
sp025,10,heur
sp026,10,heur
sp027,10,heur
sp028,10,heur
sp029,10,heur
sp030,10,heur
suzuki_instance_2_10_2_2,9,heur
suzuki_instance_2_10_2_3,14,heur
suzuki_instance_2_11_2_2,9,heur
suzuki_instance_2_11_2_3,14,heur
suzuki_instance_2_12_2_2,9,heur
suzuki_instance_2_12_2_3,14,heur
suzuki_instance_2_13_2_2,9,heur
suzuki_instance_2_13_2_3,14,heur
suzuki_instance_2_14_2_2,9,heur
suzuki_instance_2_14_2_3,14,heur
suzuki_instance_2_15_2_2,9,heur
suzuki_instance_2_15_2_3,14,heur
suzuki_instance_2_16_2_2,9,heur
suzuki_instance_2_16_2_3,14,heur
suzuki_instance_2_17_2_2,9,heur
suzuki_instance_2_17_2_3,14,heur
suzuki_instance_2_18_2_2,9,heur
suzuki_instance_2_18_2_3,14,heur
suzuki_instance_2_19_2_2,9,heur
suzuki_instance_2_19_2_3,14,heur
suzuki_instance_2_20_2_2,9,heur
suzuki_instance_2_20_2_3,14,heur
suzuki_instance_2_4_2_2,9,heur
suzuki_instance_2_4_2_3,14,heur
suzuki_instance_2_5_2_2,9,heur
suzuki_instance_2_5_2_3,14,heur
suzuki_instance_2_6_2_2,9,heur
suzuki_instance_2_6_2_3,14,heur
suzuki_instance_2_7_2_2,9,heur
suzuki_instance_2_7_2_3,14,heur
suzuki_instance_2_8_2_2,9,heur
suzuki_instance_2_8_2_3,14,heur
suzuki_instance_2_9_2_2,9,heur
suzuki_instance_2_9_2_3,14,heur
suzuki_instance_3_10_2_2,11,heur
suzuki_instance_3_10_2_3,17,heur
suzuki_instance_3_11_2_2,11,heur
suzuki_instance_3_11_2_3,17,heur
suzuki_instance_3_12_2_2,11,heur
suzuki_instance_3_12_2_3,17,heur
suzuki_instance_3_13_2_2,11,heur
suzuki_instance_3_13_2_3,17,heur
suzuki_instance_3_14_2_2,11,heur
suzuki_instance_3_14_2_3,17,heur
suzuki_instance_3_15_2_2,11,heur
suzuki_instance_3_15_2_3,17,heur
suzuki_instance_3_16_2_2,11,heur
suzuki_instance_3_16_2_3,17,heur
suzuki_instance_3_17_2_2,11,heur
suzuki_instance_3_17_2_3,17,heur
suzuki_instance_3_18_2_2,11,heur
suzuki_instance_3_18_2_3,17,heur
suzuki_instance_3_19_2_2,11,heur
suzuki_instance_3_19_2_3,17,heur
suzuki_instance_3_20_2_2,11,heur
suzuki_instance_3_20_2_3,17,heur
suzuki_instance_3_4_2_2,11,heur
suzuki_instance_3_4_2_3,17,heur
suzuki_instance_3_5_2_2,11,heur
suzuki_instance_3_5_2_3,17,heur
suzuki_instance_3_6_2_2,11,heur
suzuki_instance_3_6_2_3,17,heur
suzuki_instance_3_7_2_2,11,heur
suzuki_instance_3_7_2_3,17,heur
suzuki_instance_3_8_2_2,11,heur
suzuki_instance_3_8_2_3,17,heur
suzuki_instance_3_9_2_2,11,heur
suzuki_instance_3_9_2_3,17,heur
wap01a,654,heur
wap02a,657,heur
wap03a,1445,heur
wap04a,1445,heur
wap05a,353,heur
wap06a,362,heur
wap07a,693,heur
wap08a,616,heur
will199GPIA,84,heur
